{"cameraMode":{"drawMode":0,"name":"Shaded","section":"Shading Mode"},"sceneLighting":false,"audioPlay":false,"sceneViewState":{"showFog":true,"showMaterialUpdate":false,"showSkybox":false,"showFlares":true,"showImageEffects":true,"showParticleSystems":true,"showVisualEffectGraphs":true,"m_FxEnabled":false},"in2DMode":false,"pivot":{"x":-0.1599999964237213,"y":2.7950000762939455,"z":0.8309999704360962},"rotation":{"x":-0.02010829746723175,"y":-0.9616935849189758,"z":0.26337334513664248,"w":-0.07343070209026337},"size":0.08660251647233963,"orthographic":false}