{"cameraMode":{"drawMode":0,"name":"Shaded","section":"Shading Mode"},"sceneLighting":false,"audioPlay":false,"sceneViewState":{"showFog":true,"showMaterialUpdate":false,"showSkybox":false,"showFlares":true,"showImageEffects":true,"showParticleSystems":true,"showVisualEffectGraphs":true,"m_FxEnabled":false},"in2DMode":false,"pivot":{"x":-0.0011385679244995118,"y":1.5714077949523926,"z":4.8563947677612309},"rotation":{"x":-0.05977187678217888,"y":-0.8233205080032349,"z":0.08827530592679978,"w":-0.5574901700019836},"size":0.9385591745376587,"orthographic":false}